Facility Information ,,,,,,No. Of Water Fountains,,Restroom Type,No. of Baby Changing Stations,No. of Showers,Cooling Center
Facility Name ,Facility Address,CD,Bathroom ONLY,Water ONLY,Combo: Bathroom + Water,Standard,Bottle Fillers ,Number of Restrooms,,,
105th Street Park,"609 West 105th Street Los Angeles, CA 90044",8,,x,,1,,,,,
109th Street Recreation Center,"1464 East 109th Street Los Angeles, CA 90059",15,,,x,1,1,5,,,
111th Place Park ,"207 East 111th Place Los Angeles, CA 90061",8,,x,,1,,,,,
11th Avenue Park ,"6116 11th Avenue Los Angeles, CA 90043",8,,x,,1,1,,,,
49th Street Park,"670 East 49th Street Los Angeles, CA 90011",9,,x,,1,,,,,
61st Street Park,"139 East 61st Street Park Los Angeles, CA 90003",9,,x,,1,,,,,
97th Street Park ,"554 West 97th Street Los Angeles, CA 90044",8,,x,,1,,,,,
Algin Sutton Recreation Center,"8800 South Hoover Street Los Angeles, CA 90044",8,,,x,1,3,10,,1,X
Albert Piantanida Intergenerational Center,"9540 Van Nuys Blvd Panorama City, CA 91402",6,,,x,2,,4,,,
Albion Riverside Park,"1739 North Albion Street Los Angeles, CA 90031",1,,,x,2,2,2,2,,
Alexandria Park,"Laurelgrove Avenue and Erwin Street North Hollywood, CA 91605",2,,x,,1,,,,,
Angeles Mesa Park,"2700 West 52nd Street Los Angeles, CA 90043",8,,x,,1,,,,,
Aliso Canyon Park ,"18041 Rinaldi Sreet Porter Ranch, CA 91326 ",12,,,x,1,,2,,,
Alma Park,"West 21st Street and Meyler Street San Pedro, CA 90731",15,,x,,,1,,,,
Alpine Recreation Center,"817 Yale Street Los Angeles, CA 90012",1,,,x,3,1,5,,,
Alvarado Terrace Park ,"1342 S Alvarado St, Los Angeles, CA 90006",1,,x,,,1,,,,
Amistad Park ,"13116 Kagel Canyon Street Pacoima, CA 91331",7,,x,,1,,,,,
Anderson Memorial Center,"828 South Mesa Street San Pedro, CA 90731",15,,,x,1,,5,,,
Andres and Maria Cardenas Recreation Center,"14740 Blythe Street Panorama, CA 91402",6,,,x,1,1,5,,,
Andres Pico Adobe Park,"10940 Sepulveda Blvd. Mission Hills, CA 91345",7,,,x,,,2,,,
Betty Hill Senior Citizen Center ,"3570 South Denker Avenue Los Angeles, CA 90018 ",8,,,x,,1,2,,,
Angels Gate Park,"3601 South Gaffey Street San Pedro, CA 90731",15,,,x,2,,3,,,
Anthony Beilenson Park/Lake Balboa ,6300 Balboa Blvd. Van Nuys CA 91406,6,,x,,8,,,,,
Arts District Park ,"501 South Hewitt Street Los Angeles, CA 90013",14,,x,,,1,,,,
Ascot Hills Park,"4371 Multnomah Street Los Angeles, CA 90032",14,,,x,1,1,2,,,
Augustus F. Hawkins Nature Park,"5790 Compton Avenue Los Angeles, CA 90011",9,,,x,1,2,3,2,,
Avalon and Gage Triangle Pocket Park,"6301 South Avalon Blvd. Los Angeles, CA 90003",9,,x,,2,,,,,
Averill Park ,"1300 Dodson Avenue San Pedro, CA 90732",15,,,x,2,,2,4,,
Balboa Sports Complex,17015 Burbank Blvd. Encino CA 91316 ,6,,,x,10,4,13,3,,
Baldwin Hills Recreation Center,"5401 Highlight Place Los Angeles, CA 90016",10,,,x,10,1,7,,,
Bandini Canyon Park/Marshall Court,"341 N Marshall Ct, San Pedro, CA 90731",15,,x,,1,,,,,
Bandini Canyon Trails Park,"West Sepulveda Street between Bandini and Gaffey San Pedro, CA 90731",15,,x,,1,,,,,
Banning Park and Recreation Center,"1331 Eubank Avenue Wilmington, CA 90744",15,,,x,3,1,8,,,
Banning Residence Museum ,"401 East M. Street Wilmington, CA 90744",15,,,x,2,,2,,,
Barrington Park ,"333 South Barrington Avenue Los Angeles, CA 90049",11,,,x,3,2,4,2,,
Bee Canyon Park ,"17301 Sesnon Blvd Granada Hills, CA 91344",12,,x,,3,,,,,
Bellaire Avenue Park ,"7960 Bellaire Avenue North Hollywood, CA 91605",2,,x,,1,,,,,
Bellevue Recreation Center ,"826 Lucile Avenue Los Angeles, CA 90026",13,,,x,3,1,5,1,,
Benny H Potter West Adams Avenues Memorial Park,"2413 South 2nd Avenue Los Angeles, CA 90018",10,,,x,2,,2,,,
Bernardi Multipurpose Senior Center ,"6514 Sylmar Avenue Van Nuys, CA 91401 ",6,x,,,,,3,,,
Betty Davis ,"1850 Riverside Drive Glendale, CA 91201",13,x,,,,,2,,,
Curtis Roland Park ,"1287 West 38th Place Los Angeles, CA 90037",8,,x,,1,,,,,
Bird Sanctuary ,"2900 Vermont Canyon Road Los Angeles, CA 90027",4,,,x,1,,2,,,
Bishop Canyon (Elysian Park) ,"929 Academy Road Los Angeles, CA 90012",1,,,x,2,4,10,1,,
Bogdanovich Recreation Center,"1920 Cumbre Drive San Pedro, CA 90732",15,,,x,4,1,6,,,
Boy Scout Road,"Boy Scout Road Los Angeles, CA 90027",4,,,x,3,,10,,,
Boyle Heights Senior Citizen Center ,"2839 East 3rd Street Los Angeles, CA ",14,,,x,2,,4,,,
Boyle Heights Sports Center,"933 South Mott Street Los Angeles, CA 90023",14,,,x,3,,3,,,
Brand Park Memory Gardens ,"15174 San Fernando Mission Blvd. Mission Hills, CA 91345",7,,,x,4,,4,,,
Brandford Child Care Center ,"13310 Branford Street Arleta, CA 91131",6,,,x,2,,2,,,
Branford Recreation Center ,"13306 Branford Street Arleta, CA 91331",6,,,x,7,,6,,,
Bronson Canyon ,"3200 Canyon Drive Los Angeles, CA 90068",4,,x,,2,,,,,
Cabrillo Beach ,"3720 Stephen White Drive San Pedro, CA 90731",15,,x,,7,,,,,
Cabrillo Beach Bathouse ,"3800 Stephen White Drive San Pedro, CA 90731",15,,,x,,1,5,1,8,
Cabrillo Beach Marine Aquarium ,"3720 Stephen White Drive San Pedro, CA 90731",15,,,x,,1,10,4,1,
Camp Hollywoodland ,"3200 Canyon Drive Los Angeles, CA 90068",4,,,x,7,,9,1,12,
Camp De Cahuenga ,"3919 Lankershim Blvd. North Hollywood, CA 91604",2,,,x,2,,2,,,
Canoga Park Senior Citizen Center ,"7326 Jordan Avenue Canoga Park, CA 91303 ",3,,,x,1,,2,,,X
Carey Ranch Park ,"Laurel Canyon Blvd and Aztec Street Mission Hills, CA 91342",7,,x,,1,,,,,
Carlin G. Smith Recreation Center ,"511 W Ave 46 Los Angeles, CA 90065",1,,,x,3,,2,,,
Carlton Way Park ,"5927 Carlton Way Los Angeles, CA 90028 ",13,,x,,1,,,,,
Castle Peak Park ,"24220 1/2 Clarington Drive West Hills, CA 91304",12,,x,,,1,,,,
Denker Recreation Center ,"1550 West 35th Place Los Angeles, CA 90018",8,,,x,2,1,5,,,
Central Recreation Center ,"1357 East 22nd Street Los Angeles, CA 90011",9,,,x,3,,2,,,
Central Service Yard ,"3900 Chevy Chase Drive Los Angeles, CA 90027 ",13,,x,,,1,,,,
Charlie Turner Trail ,"2840 W Observatory Road Los Angeles, CA 90027",4,,x,,,1,,,,
Chatsworth Oaks Park,"9301 Valley Circle Blvd. Chatsworth, CA 91311",12,,x,,1,,,,,
Chatsworth Park North ,"22300 Chatsworth Street Chatsworth, CA 91311",12,,,x,5,,2,,,
Chatsworth Park South ,"22360 Devonshire Street Chatsworth, CA 91311",12,,,x,4,,5,,,
Checkerboard (Park Center) ,"4730 Crystal Springs Drive Los Angeles, CA 90027",4,,,x,1,,5,,,
Little Green Acres Park ,"10420 S Vermont Ave. Los Angeles, CA 90044",8,,x,,1,,,,,
Cheviot Hills Recreation Center,"2551 Motor Avenue Los Angeles, CA 90064",5,,,x,1,1,5,,,
Chevy Chase Recreation Center ,"4165 Chevy Chase Drive Los Angeles, CA 90039 ",13,,,x,1,1,5,,,
Claude Pepper Senior Citizen Center ,"1762 South La Cienega Blvd. Los Angeles, CA 90035",10,,,x,1,,3,,,
Cleland Avenue Bicentennial Park ,"4800 Cleland Avenue Los Angeles, CA 90042",1,,x,,1,1,,,,
Cotanso Fire Station 94 Park ,"5340 Canoga Avenue Woodland Hills, CA 91364",3,,x,,1,,,,,
Costello Recreation Center,"3141 East Olympic Blvd. Los Angeles, CA 90023",14,,,x,1,,3,,1,
Country Club Heritage Plaza Park AKA Wilton Place Park ,"1015 South Wilton Place Los Angeles, CA 90018",10,,x,,1,,,,,
Coyote Island (Griffith Park) ,2700 North Vermont Avenue Los Angeles 90027 ,4,,,x,,1,,,,
Crestwood Hills Recreation Center,"1000 Hanley Avenue Los Angeles, CA 90049",11,,,x,2,,3,1,,
Crystal Springs Picnic Area ,"4730 Crystal Springs Drive Los Angeles, CA 90027",4,,,x,6,,2,,,
Culver Slauson Recreation Center ,"5072 South Slauson Avenue Culver City, CA 90230 ",11,,,x,3,,4,,,
Loren Miller Recreation Center ,"2717 Halldale Ave. Los Angeles, CA 90018",8,,,x,3,2,8,2,,
Cypress Park Recreation Center ,"2630 Pepper Avenue Los Angeles, CA 90065",1,,,x,3,1,6,,,
Dante's View ,"4730 Crystal Springs Drive Los Angeles, CA 90027 ",4,,,x,1,,,,,
David M. Gonzalez Recreation Center,"10943 Herrick Avenue Pacoima, CA 91331 ",7,,,x,2,,6,4,,
De Gamo Park ,"101485 Arminita Street Sun Valley, CA 91352",2,,x,,1,,,,,
De Longpre Park ,"1350 North Cherokee Avenue Los Angeles, CA 90028",13,,x,,,1,,,,
Dearborn Park ,"17141 Nordhoff Street Northridge, CA 91325",12,,,x,3,1,2,,,
Del Rey Lagoon ,"6660 Esplanade Place Playa Del Rey, CA 90293",11,,,x,1,,2,2,,
Delano Recreation Center ,"15100 Erwin Street Van Nuys, CA 91411",6,,,x,1,1,5,4,,
Martin Luther King Recreation Center ,"3916 S Western Avenue Los Angeles, CA 90062 ",8,,,x,2,1,9,,,
Devonshire Arleta Park ,"14215 West Devonshire Street Pacoima, CA 91331",6,,x,,1,,,,,
Devonshire House (Northridge Park) ,"18300 Lemarsh Street Northridge, CA 91324",12,x,,,,,2,,,
Devonwood Park,"10230 Woodman Avenue Mission Hills, CA 91345",7,,x,,,1,,,,
Dorothy J. and Benjamin B Smith Park,"7020 Franklin Avenue Los Angeles, CA 90028",13,,x,,,1,,,,
Downey Child Care Center,"219 South Avenue 18 Los Angeles, CA 90031",1,,,x,2,,4,2,,
Downey Recreation Center,"1772 North Spring Street Los Angeles, CA 90031",1,,,x,,2,5,3,1,
Drum Barracks Civil War Museum ,"1052 Banning Blvd Wilmington, CA 90744",15,,x,,1,,,,,
Eagle Rock Child Care Center,"1102 Eagle Vista Drive Los Angeles, CA 90041",14,,,x,1,,3,,,
Eagle Rock Dog Park ,"1100 Eagle Vista Drive Los Angeles, CA 90041",14,,x,,,1,,,,
Eagle Rock Recreation Center ,"1100 Eagle Vista Drive Los Angeles, CA 90041",14,,,x,8,,7,,1,
East Wilmington Green Belt Pocket Park,"1300 East L Street Wilmington, CA 90744",15,,,x,2,2,2,,,
East Wilmington Greenbelt Community Center ,"918 North Sanford Avenue Wilmington, CA 90744",15,,,x,1,,2,2,,
Echo Park Community Center,"303 Patton Street Los Angeles, CA 90026 ",1,,,x,1,,4,2,,
Echo Park Lake ,"751 Echo Park Avenue Los Angeles, CA 90026",13,,,x,4,3,20,,,
Echo Park Recreation Center ,"1632 Bellevue Avenue Los Angeles, CA 90026",13,,,x,4,2,8,2,,
Echo Park Youth Center,"515 La Veta Terrace Los Angeles, CA 90026",13,,,x,2,,2,,,
El Sereno North Park (La Guardia Park) ,"4410 Garden Homes Ave, Los Angeles, CA 90032",14,,,x,2,,3,,,
El Sereno Recreation Center,"4721 Klamath Street Los Angeles, CA 90032",14,,,x,2,3,5,4,,
El Sereno Senior Citizen Center,"4818 Klamath Street Los Angeles, CA 90032",14,,,x,1,,2,,,
ELA Park,"2500 North Eastlake Avenue Los Angeles, CA 90031",14,,x,,1,,,,,
Elysian Park ,"929 Academy Road Los Angeles, CA 90012",1,,,x,13,2,20,3,,
Elysian Theraputic Recreation Center ,"929 Academy Road Los Angeles, CA 90012",1,,,x,3,1,3,,,
Elysian Valley Recreation Center,"1811 Ripple Street Los Angeles, CA 90039",13,,,x,2,1,5,,,
Encino Community Center/Park,16953 Ventura Blvd. Encino CA 91316,4,,,x,2,1,2,,1,
Ernest E Debs Regional Park,"4235 Monterey Road Los Angeles, CA 90032",1,,,x,4,,2,,,
Evergreen Recreation Center,"2844 East 2nd Street Los Angeles, CA 90033",14,,,x,4,1,5,2,,
Evergreen Youth Activity Center,"211 South Evergreen Avenue Los Angeles, CA 90033",14,,,x,1,,3,,,
Fairfax Senior Center ,"7929 Melrose Avenue Los Angeles, CA 90046",5,,,x,2,,4,,,
Fehlhaber-Houk Park,"9521 Tujunga Canyon Blvd. Tujunga, CA 91042",7,,x,,1,,,,,
Felicia Mahood Senior Multipurpose Center ,"11338 Santa Monica Blvd Los Angeles, CA 90025",11,,,x,2,,2,,,
Fern Dell ,"Fern Dell Drive Los Angeles, CA 90027",4,,,x,10,,2,,1,
Fernangeles Recreation Center,"8851 Laurel Canyon Blvd. Sun Valley, CA 91352",6,,,x,5,,6,1,,
Ferraro Dog Park,"5101 North Zoo Drive Los Angeles, CA 90027",4,,x,,5,,,,,
Ferraro Soccer Complex ,"5101 North Zoo Drive Los Angeles, CA 90027",4,,,x,,1,7,,,
Field of Dreams Soccer Complex," 501 Westmount Drive San Pedro, CA 90743",15,,,x,8,,10,,,
Fort Macarthur Military Museum ,"360 S Gaffey Street San Pedro, CA 90731",15,x,,,,,2,,,
Four Oaks Park ,"7499 Melba Avenue West Hills, CA 91307",12,,x,,1,,,,,
Franklin Ivar Park ,"1900 Ivar Avenue Los Angeles, CA 90028",4,,x,,1,,,,,
Fred Roberts Recreation Center,"4700 South Honduras Street Los Angeles, CA 90011",9,,,x,3,,3,1,,
Fulton Avenue Park,"13255 Fulton Avenue North Hollywood, CA 91605",2,,x,,1,,,,,
Gabrieleno Equestrian Park (Orcas Park),"11126 Orcas Avenue Sunland, CA 91040 ",7,,,x,6,,2,,,
Gaffey Steet Green Belt ,"1791 North Gaffey Street San Pedro, CA 90731 ",15,,x,,2,,,,,
Garvanza Park ,"6240 Meridian Street Los Angeles, CA 90042",14,,x,,4,,,,,
Genesse Avenue Park ,2330 S Genesse Avenue Los Angeles CA 90019,10,,x,,1,,,,,
Gilbert Lindsay Rec Center ,"429 East 42nd Place Los Angeles, CA 90011",9,,,x,1,2,6,,,
Gladys Jean Wesson Park/West BLVD Park ,"2508 West Boulevard Los Angeles, CA 90016",10,,x,,1,,,,,
Gladys Park,"808 E 6th St, Los Angeles, CA 90021",14,,,x,,2,4,1,,
Glassell Park Recreation Center ,"3650 Verdugo Road Los Angeles, CA 90065",1,,,x,2,4,4,,,
Glassell Park Senior Citizen Center ,"3750 North Verdugo Road Los Angeles, CA 90065",1,,,x,1,,2,,,
Glassell Park Youth Center ,"2727 Crestmore Place Los Angeles, CA 90065",1,,,x,1,,4,,,
Glen Alla Park ,"4601 Alla Road Los Angeles, CA 90066",11,,,x,2,,2,2,,
Granada Hills Recreation Center,"16730 Chatsworth Street Granada Hills, CA 91344",12,,,x,5,1,7,3,,
Grape Street Park ,"10726 South Grape Street Los Angeles, CA 90059",15,,x,,1,,,,,
Greayers Oak Mini Park,"3711 N. Figueroa Street Los Angeles, CA 90065",1,,x,,1,,,,,
Greek Theatre ,"2700 North Vermont Avenue Los Angeles, CA 90027",4,,,x,6,,12,2,14,
Green Meadows Recreation Center,"431 East 89th Street Los Angeles, CA 90003",9,,,x,3,2,4,,,
Greenwood Square Park ,"14101 Sherman Way Blvd. Van Nuys, CA 91405",2,,x,,1,,,,,
Griffith Observatory ,"2800 East Observatory Road Los Angeles, CA 90027",4,,,x,6,1,16,10,,
Griffith Park Adult Community Center,"3203 Riverside Drive Los Angeles, CA 90027",4,,,x,1,,3,,,
Griffith Park Boys Camp ,"4730 Crystal Springs Drive Los Angeles, CA 90027",4,,,x,5,,4,2,,
Griffith Recreation Complex ,"3343 Riverside Drive Los Angeles, CA 90027",4,,,x,4,2,2,,,
Hansen Dam Aquatics Center ,"11798 Foothill Blvd. Lake View Terrace, CA 91342",7,,,x,8,,40,2,,
Hansen Dam Kids Campground (Otis Wallace) ,"11798 Foothill Blvd. Lake View Terrace, CA 91342",7,,,x,2,,4,,,
Hansen Dam Ranger Station ,"11798 Foothill Blvd. Lake View Terrace, CA 91342",7,,,x,1,,4,2,,
Hansen Dam Sports Center,"111480 Foothill Blvd. Lake View Terrace, CA 91342",7,,,x,8,1,3,,,
Hansen Dam Universal Playground,"11440 Foothill Blvd. Lake View Terrace, CA 91342 ",7,,,x,,,10,,,
Habor City Recreation Center ,"24901 Frampton Avenue Harbor City, CA 90710",15,,,x,4,1,2,,,
Harbor Highlands Park ,"825 West Capitol Drive San Pedro, CA 90731",15,,,x,,1,2,,,
Harbor Sports Complex,"1221 North Figureoa Place Wilmington, CA 90744",15,,,x,4,,2,,,
Harbor View Memorial Park ,"2411 S Grand Avenue San Pedro, CA 90731",15,x,,,,,2,,,
Harold A. Henry Park,"809 South Lucerne Boulevard Los Angeles, CA 90016",5,,x,,2,,,,,
Hazard Recreation Center ,"2230 Norfolk Street Los Angeles, CA 90033",14,,,x,4,1,4,2,,
Hermon Park (Arroyo Seco Dog Park),"5566 Via Marisol Los Angeles, CA 90042",14,,x,,5,1,,,,
Highland Park Recreation Center,"6150 Piedmont Avenue Los Angeles, CA 90042",14,,,x,4,1,5,,,
Highland Park Senior Citizen Center ,"6152 North Figueroa Street Los Angeles, CA 90042 ",14,,,x,2,1,2,,,
Hjelte Sports Center ,"16200 Burbank Blvd. Encino, CA 91436",6,,,x,4,,3,,,
Holleigh Bernson Park ,"20500 Sesnon Blvd. Northridge, CA 91326",12,,,x,3,,10,,,
Hollenbeck Park/Recreation Center,"415 South Saint Louis Street Los Angeles, CA 90033",14,,,x,14,3,,,,
Hollywood Recreation Center,"1122 Cole Avenue Los Angeles, CA 90038",13,,,x,2,1,2,,,
Holmby Park ,"601 Club View Drive Los Angeles, CA 90024",5,,,x,7,,4,4,,
Hoover Recreation Center ,"1010 West 25th Street Los Angeles, CA 90007",1,,,x,,1,4,,,
Norman O. Houston ,"4800 S La Brea Ave. Los Angeles, CA 90008",8,,x,,1,,,,,
Hope and Peace Pocket Park,"843 South Bonnie Brae Street Los Angeles, CA 90057",1,,,x,2,,2,,,
Howard Finn Park ,"7747 Foothill Blvd. Sunland, CA 91042",7,,x,,1,,,,,
Hubert Humphrey Recreation Center/Child Care Center,"12560 Filmore Street Pacoima, CA 91331",7,,,x,8,,6,,,
Inell Woods Park (Ways Park) ,"8703 McKinley Place Los Angeles, CA 90002",9,,x,,,1,,,,
Ira C. Massey Child Care Center,"5001 Obama Blvd, Los Angeles, CA 90016",10,,,x,4,1,4,,,
Irving Schachter Park ,"2599 Beverwill Drive Los Angeles, CA 90064",5,,x,,,1,,,,
Richardson Family Park ,"2700 Budlong Ave Los Angeles, CA 90007",8,,x,,1,,,,,
South Los Angeles Sports Activity Center ,"7020 South Figureoa Street Los Angeles, CA 90003",8,,,x,2,,2,,,
Jamie Beth Slavin Park ,"7965 Whitsett Avenue North Hollywood, CA 91605",2,,x,,1,,,,,
Jesse Owens Park ,"7100 White Oak Avenue Van Nuys, CA 91316",6,,,x,,1,2,,,
Jim Gilliam Child Care Center ,"4000 South La Brea Avenue Los Angeles, CA 90008",5,,,x,3,,2,,,
Jim Gilliam Recreation Center ,"4000 S La Brea Avenue Los Angeles, CA 90008",5,,,x,3,1,7,2,,
Joan Milke Flores Picnic Area ,"3601 South Gaffey Street San Pedro, CA 90731",15,,x,,2,,,,,
Joe Klass Water Stop ,"34.125587280924805, -118.28197365582561 ",4,,x,,1,,,,,
John Quimby Park ,"7008 De Soto Avenue Canoga Park, CA 91306",3,,x,,2,,,,,
Juliam Dixon ,"4800 South Hoover Los Angeles, CA 90037",9,,x,,1,,,,,
Juntos Park ,"3135 Drew Street Los Angeles, CA 90065",13,,,x,2,,3,1,,
Kagel Canyon Park ,"11435 Kagel Canyon Street Lake View Terrace, CA 91342",7,,x,,1,,,,,
Ken Mallory Harbor Regional Park,"25820 South Vermont Avenue Harbor City, CA 90710",15,,,x,1,1,7,,,
Knapp Ranch Addition Park ,"24700 Wooded Vista Court Canoga, CA 91307",12,,,x,1,,,,,
Knapp Ranch Park ,"25000 W. Kittridge Street West Hills, CA 91307",12,,,x,3,,4,,,
Korean Friendship Bell ,"3601 South Gaffey Street San Pedro, CA 90731",15,,,x,1,1,2,,,
La Mirada Park ,"5401 La Mirada Avenue Los Angeles, CA 90029 ",13,,x,,1,,,,,
Lafayette Multipurpose Community Center ,"625 South Lafayette Park Place Los Angeles, CA 90057",10,,,x,3,1,4,2,,
Lake Balboa Lifeguard ,"6200 Balboa Blvd. Encino, CA 91316",6,x,,,,,5,,,
Lake Balboa Playground ,"6300 Balboa Blvd. Encino, CA 91316",6,x,,,,,6,,,
Lake Hollywood Park ,"3160 Canyon Drive Los Angeles, CA 90027",4,,x,,1,1,,,,
Lake Street Park ,"227 North Lake Street Los Angeles, CA 90026",13,,,x,1,1,4,,,
Lake View Terrace Recreation Center ,"11075 Foothill Blvd. Lake View Terrace, CA 91343",7,,,x,4,1,5,2,,
Lanark Recreation Center ,"21816 Lanark Street Canoga Park, CA 91304",3,,,x,9,1,7,,,
LAPD Swat Officer Randal D. Simmons Park,"6731 Wilbur Avenue Reseda, CA 91335",3,,x,,2,1,,,,
Las Palmas Senior Citizen Center ,"1820 North Las Palmas Los Angeles, CA 90028",13,,,x,1,,2,,,
Latham Park ,"5308 South Latham Street Los Angeles, CA 90011",9,,x,,1,,,,,
Laurel Canyon Dog Park ,"8260 Mullholland Drive Los Angeles, CA 90046",4,,x,,1,2,,,,
Laurel Grove Park ,"12227 Erwin Street North Hollywood, CA 91605",2,,x,,1,,,,,
Lazy J. Ranch ,"23751 E. Ingomer Street West Hills, CA 91304",12,,x,,1,,,,,
South Victoria Park ,"6537 S Victoria Avenue Los Angeles, CA 90043",8,,x,,,1,,,,
Leland Recreation Center ,"863 South Herbert Avenue San Pedro, CA 90731",15,,,x,,2,3,,,
Lemon Grove Recreation Center ,"4959 Lemon Grove Avenue Los Angeles, CA 90029",13,,,x,,2,4,,,
Leslie N. Shaw Park,"2250 West Jefferson Blvd. Los Angeles, CA 90018",10,,x,,1,,,,,
Lexington Park ,"5523 Lexington Avenue Los Angeles, CA 90038",13,,x,,1,,,,,
Libbit Park ,"5101 Libbit Ave. Encino, CA 91436",4,,x,,,1,,,,
Lincoln Heights Recreation Center ,"2303 Workman Street Los Angeles, CA 90033",1,,,x,1,1,5,4,,
Lincoln Heights Senior Citizen Center ,"2323 Workman Street Los Angeles, CA 90031",1,,,x,1,,3,,,
Lincoln Heights Youth Center ,"2911 Altura Street Los Angeles, CA 90031",1,,,x,4,,3,,4,
Lincoln Park Recreation Center ,"3501 Valley Blvd. Los Angeles, CA 90031",14,,,x,6,1,40,,,
St. Andrews Recreation Center ,"8701 St Andrews Place Los Angeles, CA 90047",8,,,x,5,2,5,,,
Little Landers Park ,"10110 Commerce Ave. Tujunga, CA 91042",7,,,x,1,,2,,,
Van Ness Pool ,"5720 2nd Avenue Los Angeles, CA 90043",8,,x,,,2,,,,
Los Angeles Maritime Museum ,"Berth 84 San Pedro, CA 90731",15,x,,,,,3,2,,
Los Angeles River & Aliso Creek Confluence Park ,"Kittridge St &, Archwood St, Reseda, CA 91335",3,,x,,1,,,,,
Los Angeles Riverfront Greenway ,"14900 Valleyheart Drive Sherman Oaks, CA 91403",4,,x,,1,,,,,
Louise Park ,"7140 Louise Ave Van Nuys, CA 91406",6,,,x,1,1,2,2,,
Lummis Home ,"200 East Avenue 43 Los Angeles, CA 90031",1,,,x,1,,2,2,,
MacArthur Park Community Center ,"2230 West 6th Street Los Angeles, CA 90057",1,,,x,3,4,9,1,,
Madison Avenue Park ,"1165 Madison Avenue Los Angeles, CA 90004",13,,x,,,1,,,,
Madison West Park ,"464 North Madison Avenue Los Angeles, CA 90004",13,,x,,1,,,,,
Mae Boyar Park ,"23751 E Ingomar Ave West Hills, CA 91304",12,,x,,1,,,,,
Mar Vista Recreation Center ,"11439 Woodbine Ave Los Angeles, CA 90066",11,,,x,7,1,8,4,,
Marson Street Pocket Park ,"15262 Marson Street Panorama City, CA 91402",6,,x,,1,,,,,
Van Ness Recreation Center,"5720 2nd Avenue Los Angeles, CA 90043",8,,,x,4,1,6,2,,
Mason Child Care Center ,"10520 Mason Ave Chatsworth, CA 91311",12,,,x,4,,3,,,
Mason Recreation Center ,"10500 Mason Ave Chatsworth, CA 91311",12,,,x,5,1,6,,,
McGroarty Park ,"7570 McGroarty Terrace Tujunga, CA 91042",7,,,x,2,,2,,,
McKinley Avenue Park ,"4916 South McKinley Avenue Los Angeles, CA 90011 ",9,,x,,1,,,,,
Merry-Go-Round Griffith Park ,"4730 Crystal Springs Drive Los Angeles, CA 90027",4,,,x,1,,2,,,
Mineral Wells ,"Griffith Park Drive Los Angeles, CA 90027",4,,,x,1,,2,,,
Montecillo De Leo Politi Park (Elysian Park),"Scott Avenue and Academy Road Los Angeles, CA 90012",13,,,x,2,,4,,,
Montecito Heights Recreation Center ,"4545 Homer Street Los Angeles, CA 90031 ",1,,,x,4,,4,,1,
Montecito Heights Senior Citizen Center ,"4545 Homer Street Los Angeles, CA 90031 ",1,,,x,1,,2,,,
Moorpark Park ,"12061 Moorpark Street Studio City, CA 91604",4,,x,,2,,,,,
Central Avenue Jazz Park ,"4222 South Central Avenue Los Angeles, CA 90011",9,,x,,1,,,,,
Chesterfield Square Park ,"1950 West 54th Street Los Angeles, CA 90064",8,,,x,1,,2,,,
Normandale Recreation Center ,"22400 South Halldale Avenue Torrance, CA 90501",15,,,x,3,1,6,,,
Normandie Recreation Center ,"1550 South Normandie Avenue Los Angeles, CA 90006",1,,,x,,1,4,5,1,
North Atwater Park ,"3900 Chevy Chase Drive Los Angeles, CA 90039",13,,,x,3,,2,,,
North Hills Community Park ,"8756 N Parthenia Place North Hills, CA 91343",6,,,x,,2,10,,,
North Hollywood Recreation Center ,"11430 Chandler Blvd. North Hollywood, CA 91601 ",2,,,x,15,3,11,,,
North Weddington Recreation Center ,"10844 Acama Street North Hollywood, CA 91602 ",2,,,x,5,1,7,,,
Northridge Park Child Care Center ,"18300 Lemarsh Street Northridge, CA 91324 ",12,x,,,,,4,,,
Northridge Park Recreation Center ,"18300 Lemarsh Street Northridge, CA 91324 ",12,,,x,12,,4,1,,
NYC #1 ,"Boy's Camp Road and Old Zoo Drive Los Angeles, CA 90027",4,,x,,1,,,,,
NYC #2,"Boy's Camp Road and Old Zoo Drive Los Angeles, CA 90027",4,,x,,1,,,,,
O'Melveny Park ,"17300 Sesnon Blvd. Granada Hills, CA 91344",12,,,x,7,,2,,8,
Oakridge Estate Park ,"18650 Devonshire Street Los Angeles, CA 91324",12,,x,,,1,,,,
Oakwood Recreation Center ,"767 California Ave. Venice, CA 90291",11,,,x,5,,5,2,1,
Old Maintenence ,"5201 Zoo Drive Los Angeles, CA 90027",4,,x,,2,,,,,
Old Zoo Picnic Area ,"Griffith Park Drive Los Angeles, CA 90027",4,,,x,4,,7,3,,
Orchard Avenue Park ,"4600 South Orchard Avenue Los Angeles, CA 90037",9,,x,,1,,,,,
Orcutt Ranch and Horticulture Center ,"23600 Roscoe Blvd. West Hills, CA 91304",12,,,x,3,,1,1,,
Ord and Yale Street Park ,"524 Ord Street Los Angeles, CA 90012",1,,,x,,1,2,2,,
Oro Vista Park ,"1101 Oro Vista Ave Sunland, CA 91040 ",7,,x,,,1,,,,
Orthopedic Hospital ,"403 W. Adams Blvd. Los Angeles, CA 90007",9,,,x,1,,2,1,,
Pacific Region Headquarters ,"1670 Palos Verdes Dr North Harbor City, CA 90710",15,,,x,,1,,,,
Palisades Recreation Center,"851 Alma Real Drive Pacific Palisades, CA 90272",11,,,x,12,2,5,1,,
Palms Recreation Center ,"2950 Overland Avenue Los Angeles, CA 90064",5,,,x,6,,6,2,,
Pan Pacific Recreation Center ,"7600 Beverly Blvd. Los Angeles, CA 90036",5,,,x,9,2,6,2,,
Pan Pacific Senior Activity Center ,"141 S Gardner St Los Angeles, CA 90036",5,,,x,1,,4,,,
Panorama Recreation Center ,"8600 Hazeltine Avenue Panorama City, CA 91402 ",6,,,x,3,1,7,,,
Parthenia Park ,"21444 Parthenia Street Canoga Park, CA 91304",3,,x,,,1,,,,
Paseo De Cahuenga ,"3300 Cahuenga Blvd. Los Angeles, CA 90068",4,,x,,1,,,,,
Patton Street Park ,"327 Patton Street Los Angeles, CA 90026",1,,x,,1,,,,,
Pecan Grove ,"Zoo Drive Los Angeles, CA 90027",4,,x,,3,,,,,
Pecan Recreation Center ,"127 South Pecan Street Los Angeles, CA 90033",14,,,x,3,,4,,,X
Peck Park Recreation Center ,"560 Western Ave San Pedro, CA 90732",15,,,x,16,1,16,5,,
Pedlow Skate Park ,"17334 Victory Blvd. Encino, CA 91316",6,x,,,,,1,,,
Penmar Recreation Center ,"1341 Lake Street Venice, CA 90291",11,,,x,4,,12,3,1,
Pico Union Vest Pocket Park ,"1827 South Hoover Street Los Angeles, CA 90006",1,,x,,,1,,,,
Poinsettia Recreation Center ,"7341 Willoughby Avenue Los Angeles, CA 90046",5,,,x,2,2,5,1,,
Point Fermin Park ,"807 Paseo del Mar San Pedro, CA 90731",15,,,x,2,2,5,4,,
Pony Rides/Train Rides ,"4400 Riverside Drive Los Angeles, CA 90027",4,,,x,2,1,2,,,
Porter Ranch Community Park aka Jane & Bert Boeckmann Park,"11930 Mason Ave Porter Ranch, CA 91326",12,,,x,2,,3,,,
Porter Ridge Park ,"18799 Sesnon Blvd. Northridge, CA 91326",12,,x,,1,,,,,
Pote Field ,"4663 Crystal Springs Drive Los Angeles, CA 90027",4,,,x,2,,2,,,
Potrero Canyon ,"851 Alma Drive Palisades, CA 90272",11,x,,,,,2,2,,
Prospect Park ,"Echandia Street & Judson Street Los Angeles, CA 90033",14,,x,,2,,,,,
Queen Anne Recreation Cener ,"1240 West Blvd. Los Angeles, CA 90019",10,,,x,4,,4,,,
Ralph C Daniels Field ,"845 W 12th Street San Pedro, CA 90731",15,,,x,1,,4,,,
"Ramon Garcia Recreation Center, Monignor ","1016 South Fresno Street Los Angeles, CA 90023 ",14,,,x,3,1,4,5,1,
Ramona Hall ,"4580 North Figureoa Street Los Angeles, CA 90065",1,,,x,1,,4,,,
Rancho Cienega Sports Center ,"5001 Obama Blvd, Los Angeles, CA 90016",10,,,x,9,1,14,2,4,
Ranger Station ,"4730 Crystal Springs Drive Los Angeles, CA 90027",4,,,x,1,,5,,,
Rena Park ,"510 Leland Park San Pedro, CA 90732",15,,,x,1,,,,,
Reseda Recreation Center/Park,"18411 Victory Blvd. Reseda, CA 91335 ",3,,,x,7,3,4,2,,
Reynier Park ,"2803 Reynier Avenue Los Angeles, CA 90035",10,,,x,4,,3,,,
Hoover-Gage Park,"6265 South Hoover Street Los Angeles, CA 90044",9,,x,,,1,,,,
Rio De Los Angeles State Park,"1900 North San Fernando Road Los Angeles, CA 90065",1,,,x,5,,10,,,
Ritchie Valens Recreation Center ,"10731 Laurel Canyon Blvd. Pacoima, CA 91331 ",7,,,x,7,,10,2,,
Riverside Park ,Stadium Way and Allesandro ,1,,,x,1,1,2,1,,
Robert F. Kennedy Inspiration Park (Ambassador Park) ,"3400 Wilshire Blvd. Los Angeles, CA 90057",10,,x,,2,,,,,
Robert L Burns Park ,"4900 Beverly Blvd Los Angeles, CA 90004",13,,x,,2,,,,,
Robert M. Wilkinson Multipurpose Senior Center ,"8956 Vanalden Ave Northridge, CA 91324",12,,,x,1,,4,,,
Robertson Child Care Center ,"1641 Preuss Road Los Angeles, CA 90035",5,,,x,1,1,2,1,,
Robertson Recreation Center ,"1641 Preuss Road Los Angeles, CA 90035",5,,,x,2,,4,4,,
Rockwood Park ,"1571 Rockwood Street Los Angeles, CA 90026",13,,x,,1,,,,,
Roger Jessup Park,"12467 Osbourne Street Pacoima, CA 91331",7,,x,,2,,,,,
Rose Hill North Park ,"3606 Boundary Avenue Los Angeles, CA 90032",14,,,x,1,2,10,,,
Rose Hill Recreation Center ,"4530 Mercury Avenue Los Angeles, CA 90032",14,,,x,1,2,10,,,
Rosecrans Recreation Center ,"840 West 149th Street Gardena, CA 90247",15,,,x,3,3,5,,,
Ross Snyder Recreation Center ,"1501 East 41st Street Los Angeles, CA 90011",9,,,x,4,1,5,1,,
Ross Valencia Community Park,"1st & Chicago Street Los Angeles, CA 90033",14,,x,,1,,,,,
Runnymede Park,"20200 Runnymede Street Winnetka, CA 91306",3,,,x,2,,2,,,
Runyon Canyon Park,"2000 North Fuller Los Angeles, CA 90046",4,,x,,3,6,,,,
Rustic Canyon Recreation Center ,"601 Latimer Road Santa Monica, CA 90402",11,,,x,4,1,4,2,,
Saint James Park ,"Adams Blvd and Severance Street Los Angeles, CA 90007",1,,x,,2,,,,,
San Fernando Road Park ,"12395 West Aragon Way Sylmar, CA 91342",7,,x,,,1,,,,
San Julian Park ,"526 San Julian Street Los Angeles, CA 90013",14,,x,,,1,,,,
San Pascual Park ,"5668 Via Marisol Los Angeles, CA 90042",14,,,x,4,,4,1,,
San Pedro Plaza Park ,"7000 South Beacon Street San Pedro, CA 90731",15,,x,,3,1,,,,
Sean Brown Park (Formerly Chase Park) ,"22525 Chase Street West Hills, CA 91304",12,,x,,,1,,,,
Seily Rodriguez Park,"5707 Lexington Ave Los Angeles, CA 90038",13,,x,,1,,,,,
Selma Park ,"6567 Selma Avenue Los Angeles, CA 90028 ",13,,x,,1,,,,,
Seoul International Park ,"3250 San Marino Street Los Angeles, CA 90006",10,,,x,3,,4,1,,
Sepulveda Basin Off-Leash Dog Park,"17550 Victory Blvd. Encino, CA 91406",6,,x,,,5,,,,
Sepulveda Basin Sports Complex,"6301 Balboa Blvd. Encino, CA 91316",6,,,x,3,,4,,,
Sepulveda Garden Center ,"16633 Magnolia Blvd. Encino, CA 91406",4,,,x,2,,2,,,
Sepulveda Recreation Center ,"8825 Kester Avenue Panorama, CA 91405",6,,,x,5,,2,,,
Sepulveda Wildlife Area/Woodley Section IV,"6450 Woodley Avenue Van Nuys, CA 91406",6,,,x,1,,,,,
Serrania Park ,"20726 Wells Drive Woodland Hills, CA 91364",3,,,x,3,,2,1,,
Shadow Ranch Park ,"22633 Vanowen Street Woodland Hills, CA 91307",12,,,x,7,1,8,,,
Shane's Inspiration ,"4730 Crystal Springs Drive Los Angeles, CA 90027",4,,,x,1,1,10,,,
Shatto Recreation Center ,"3191 West 4th Street Los Angeles, CA 90020 ",10,,,x,2,,5,,,
Sheldon Skate Park ,"12511 Sheldon Street Sun Valley, CA 91352",6,,x,,2,,,,,
Sheldon -Arleta Park (Ceasar Chavez Park) ,"12455 Wicks Street Sun Valley, CA 91352",6,,x,,1,1,,,,
Sherman Oaks East Valley Adult Center ,"5056 Van Nuys Blvd. Sherman Oaks, CA 91403",4,,,x,2,,6,,,
Silver Lake Meadows ,"1850 West Silver Lake Drive Los Angeles, CA 90026",13,,x,,1,,,,,
Silver Lake Recreation Center ,"1850 West Silver Lake Drive Los Angeles, CA 90026",13,,,x,4,,3,2,,
Slauson Recreation Center ,"5306 South Compton Avenue Los Angeles, CA 90011",9,,,x,,2,2,,,
South Broadway Pocket Park,"317 West 52nd Place Los Angeles, CA 90037",9,,x,,1,,,,,
Leimert Plaza Park ,"4395 Leimert Boulevard Los Angeles, CA 90008 ",10,,,x,,2,8,,,
South Los Angeles Wetlands Park,"54th Street and Avalon Los Angeles, CA 90011",9,,x,,1,,,,,
South Park Recreation Center ,"345 East 51st Street Los Angeles, CA 90011",9,,,x,4,5,8,1,,
South Seas House ,"2323 Arlington Avenue Los Angeles, CA 90018",10,x,,,,,2,,1,
76th Street Park,"833 West 76th Street Los Angeles, CA 90044",14,,x,,1,,,,,
South Weddington Park ,"10800 Valley Heart Drive North Hollywood, CA 91602",2,,,x,5,,2,,,
Spring Street Park ,"428 South Spring Street  Los Angeles, CA 90013",14,,x,,1,,,,,
Jacaranda Park ,"700 East 98th Street Los Angeles, CA 90002",8,,x,,,2,,,,
State Street Recreation Center ,"716 North State Street Los Angeles, CA 90033",14,,,x,3,,5,,,
Stetson Ranch ,"13877 Glenoaks Blvd. Sylmar, CA ",7,,x,,1,,,,,
Stonehurst Recreation Center ,"9901 Dronefield St. Sun Valley, CA 91352",7,,,x,3,,7,,,
Stoner Recreation Center ,"1835 Stoner Avenue Los Angeles, CA 90025",11,,,x,7,,5,5,1,
Studio City Recreation Center ,"12621 Rye Street Studio City, CA 91604",4,,x,,6,,,,,
Sun Valley Recreation Center ,"8133 Vineland Avenue Sun Valley, CA 91352",6,,,x,9,1,8,,,
Sunland Recreation Center ,"8651 Foothill Blvd. Sunland, CA 91040 ",7,,,x,6,,4,2,,
Sunland Senior Citizen Center ,"8640 Fenwick Street Sunland, CA 91040",7,,,x,3,1,2,2,,
Sycamore Grove Park ,"4702 North Figueroa Street Los Angeles, CA 90042",1,,,x,5,1,2,1,,
Sylmar Recreation Center ,"13109 Borden Avenue Sylmar, CA 91342",7,,,x,5,2,4,2,,
Tarzana Child Care Center ,"5700 Beckford Avenue Tarzana, CA 91356",3,,,x,4,,6,,,
Tarzana Recreation Center,"5655 Vanalden Avenue Tarzana, CA 91356 ",3,,,x,3,1,5,1,,
Taxco Trails Park ,"23367 Ingomar Streets West Hills, CA 91304",12,,x,,1,,,,,
Temescal Canyon Park ,"15900 Pacific Coast Highway Pacific Palisades, CA 90272 ",11,,,x,6,1,4,1,,
Three Mile Tree ,"4730 Crystal Springs Drive Los Angeles, CA 90027",4,,x,,,1,,,,
Tiara Street Park ,"11480 West Tiara Street Los Angeles, CA 91601",2,,,x,3,,,,,
Toberman Recreation Center ,"1725 Toberman Street Los Angeles, CA 90015",1,,,x,2,1,4,1,1,
Tobias Avenue Park ,"9122 Tobias Avenue Panorama City, CA 91402",6,,x,,1,,,,,
Tommy Lasorda Field of Dreams ,"1901 Waterloo Street Los Angeles, CA 90039",13,,,x,1,,2,,,
Travel Town Transportation Museum ,"5200 Zoo Drive Los Angeles, CA 90027",4,,,x,3,,2,2,,
Trinity Recreation Center ,"2415 Trinity Street Los Angeles, CA 90011",9,,,x,1,1,5,1,,
Unidad Park ,"1644 West Beverly Boulevard Los Angeles, CA 90027",13,,x,,1,,,,,
Valley Glen Community Park,"Erwin Street and Ethel Avenue Van Nuy, CA 91436",2,,x,,1,,,,,
Valey Plaza Park Nature Center ,"6911 Laurelgrove Avenue North Hollywood, CA 91605",2,,,x,,1,2,,,
Valley Plaza Recreation Center ,"12240 Archwood Street North Hollywood, CA 91606",2,,,x,3,2,5,2,,
Valley Plaza Sports Complex,"7000 Whitsett Avenue North Hollywood, CA 91606",2,,,x,3,2,5,2,,
Valley Region Headquarters ,"6335 Woodley Avenue Van Nuys, CA 91406",6,,x,,2,,,,,
Valley Village Park ,"500 Westpark Drive North Hollywood, CA 91601",2,,,x,2,,2,,,
Jackie Tatum Harvard ,"1535 West 62nd Street Los Angeles, CA 90047",8,,,x,6,1,5,,,
Mount Carmel Recreation Center ,"830 W 70th Street Los Angeles, CA 90044",14,,,x,5,1,6,,,
Van Nuys Recreation Center ,"14301 Vanowen Street Van Nuys, CA 91405",6,,,x,1,2,4,,,
Van Nuys Sherman Oaks Recreation Center,"14201 Huston Street Sherman Oaks, CA 91423 ",4,,,x,14,3,9,1,,
Venice Beach ,"1800 Ocean Front Walk Venice, CA 90291",11,,,x,25,2,55,6,,
Vermont & Gage Park,"999 W Gage Ave, Los Angeles, CA 90044",9,,x,,,1,,,,
Vermont Canyon Tennis Courts ,"2715 Vermont Canyon Los Angeles, CA 90027",4,,,x,4,,2,,,
Vermont Miracle Mile ,"956 West 81st Street Los Angeles, CA 90044",8,,x,,1,,,,,
Vermont Square Park ,"1248 West 47th Street Los Angeles, CA 90037",9,,,x,,2,3,,,
Vernon Park ,"4501 South Central Ave Los Angeles, CA 90011",9,,x,,1,,,,,
Victory Memorial Grove Elysian Park ,"929 Academy Road Los Angeles, CA 90012",1,,x,,1,,,,,
Victory Vineland Recreation Center ,"11117 Victory Blvd. North Hollywood, CA 91606 ",2,,,x,2,1,5,,,
Victory Valley Child Care,"6451 Saint Clair Avenue North Hollywood, CA 91606",2,,,x,2,,4,,,
Viking Park ,"11500 Viking Avenue Northridge, CA 91326 ",12,,x,,1,,,,,
Villa Cabrini Park ,"9401 Villa Cabrini Drive West Sun Valley, CA 91504",2,,x,,2,,,,,
Vineyard Recreation/ Senior Center ,"2942 Vineyard Avenue Los Angeles, CA 90016",10,,,x,2,1,6,,,
Vista Del Valle ,"Vista Del Valle Drive Los Angeles, CA 90026",4,,x,,1,1,,,,
Vista Hermosa Park ,"100 North Toluca Street Los Angeles, CA 90026",1,,,x,1,,2,1,,
Wabash Recreation Center ,"2765 Wabash Avenue Los Angeles, CA 90033",14,,,x,,1,3,,1,
Wall Street Park ,"8620 Wall Street Los Angeles, CA 90003",9,,x,,,1,,,,
Warner Center Ranch Park ,"5800 Topanga Canyon Blvd. Woodland Hills, CA 91367",3,,,x,4,1,2,,,
Watson and O Street Park ,"1300 East O Street Wilmington, CA 90744",15,,x,,1,,,,,
Wattles Garden Park ,"1850 N Curson Avenue Los Angeles, CA 90046 ",4,,x,,1,,,,,
Watts Cultural Crescent ,"1727 E 107th Street Los Angeles, CA 90002",15,,x,,1,,,,,
Watts Senior Citizen Center ,"1657 East Century Boulevard Los Angeles, CA 90002",15,,,x,2,,5,,,
Watts Serenity Park ,"11300 Monitor Avenue Los Angeles, CA 90059",15,,x,,1,,,,,
West Adams Height Park ,"1903 West Cordova Los Angeles, CA 90018",10,,x,,1,,,,,
West Hills Sports Center/ Adam Bischoff Memorial Soccer Fields ,"6900 Valley Circle Drive West Hills, CA 91307 ",12,,x,,2,,,,,
West Lakeside Street Park,"15275 West Lakeside Park Sylmar, CA 91342",7,,,x,,3,2,4,,
Westchester Recreation Center ,"7000 West Manchester Avenue Los Angeles, CA 90045",11,,,x,2,4,10,,,
Westchester Senior Citizen Center,"8740 Lincoln Blvd Los Angeles, CA 90045",11,,x,,2,,,,,
Westside Neighborhood Park,"3085 Clyde Avenue Los Angeles, CA 90016",10,,x,,1,,,,,
Westwood Garden Park ,"10861 Wellworth Avenue Los Angeles, CA 90064",5,,x,,,1,,,,
Westwood Recreation Center ,"1350 Sepulveda Blvd Los Angeles, CA 90025",5,,,x,8,4,5,2,1,
White Point Nature Preserve ,"1600 W Paseo Del Mar San Pedro, CA 90731",15,,,x,1,,3,1,,
Whitnall Highway Off-Leash Dog Park ,"5801 1/2 Whitnall Highway North Hollywood, CA 91601",2,,x,,1,2,,,,
Wilbur-Tampa Park ,"12001 Wilber Avenue Northridge, CA 91326",12,,x,,2,,,,,
Wilders Addition (Point Fermin Park) ,"607 Paseo del Mar San Pedro, CA 90731",15,,,x,,1,2,,,
Wilmington Athletic Complex ,"1700 S Figueroa Street Wilmington, CA 90744",15,,,x,1,,2,,,
Wilmington Recreation Center ,"325 North Neptune Avenue Wilmington, CA 90744",15,,,x,1,1,3,,,
Wilmington Town Square ,"105 West I Street Wilmington, CA 90744",15,,x,,,1,,,,
Winnetka Child Center ,"8361 Winnetka Avenue Winnetka, CA 91306",3,,,x,2,,4,,,
Winnetka Recreation Center ,"8401 Winnetka Avenue Winnetka, CA 91306",3,,,x,4,,5,,,
Woodbine Park ,"3409 Winton Avenue Los Angeles, CA 90034",5,,x,,1,,,,,
Woodbridge Park ,"11240 Moorpark Street Studio City, CA 91602",2,,x,,1,1,,,,
Woodland Hills Recreation Center ,"5858 Shoup Avenue Woodland Hills, CA 91367 ",3,,,x,6,1,8,5,,
Woodley Park Apollo 11 Model Aircraft Field ,"6201 Woodley Avenue Encino, CA 91436",6,,,x,1,,2,,,
Woodley Park Archery Range ,"6100 Woodley Avenue Van Nuys, CA 91406 ",6,,,x,1,,2,,,
Woodley Park Section I,"6350 Woodley Avenue Van Nuys, CA 91406 ",6,,,x,4,1,2,,,
Woodley Park Section II ,"6350 Woodley Avenue Van Nuys, CA 91406 ",6,,,x,4,,2,,,
Woodley Park Section III ,"6350 Woodley Avenue Van Nuys, CA 91406 ",6,,,x,1,,2,,,
York Boulevard Park,"4948 York Boulevard Los Angeles, CA 90042",14,,,x,1,,2,,,
Yosemite Recreation Center,"1840 Yosemite Drive Los Angeles, CA 90041",14,,,x,3,1,6,2,,
Yucca Park Community Center,"6671 Yucca Street Los Angeles, CA 90028",13,,,x,4,,4,,,
Zelzah Park ,"11690 Zelzah Avenue Granada Hills, CA 91344",12,,x,,1,,,,,
Gloria Molina Grand Park,"200 N Grand Ave, Los Angeles, CA 90012",14,,,x,,,,,,
North Hollywood Senior Citizen Center ,"5301 Tujunga Ave. North Hollywood, CA 91601",2,,,,,,,,,X